<?xml version="1.0"?>
<doc>
    <assembly>
        <name>Atrium REST</name>
    </assembly>
    <members>
        <member name="T:ThreeRiversTech.Zuleger.Atrium.REST.AtriumController">
            <summary>
            Used to communicate with an Atrium Controller using Atrium SDK and HTTP.
            </summary>
        </member>
        <member name="P:ThreeRiversTech.Zuleger.Atrium.REST.AtriumController.MaxAttempts">
            <summary>
            Maximum number of attempts to establish a session. (by default: 10. Maximum amount that can be set is 50.)
            </summary>
        </member>
        <member name="P:ThreeRiversTech.Zuleger.Atrium.REST.AtriumController.DelayBetweenAttempts">
            <summary>
            The time in seconds to wait for the next attempt to log into the controller. (by default: 10 seconds)
            </summary>
        </member>
        <member name="P:ThreeRiversTech.Zuleger.Atrium.REST.AtriumController.RequestText">
            <summary>
            Stores the Request XML data to the last POST request made.
            </summary>
        </member>
        <member name="P:ThreeRiversTech.Zuleger.Atrium.REST.AtriumController.ResponseText">
            <summary>
            Stores the Response String from the last POST response received.
            </summary>
        </member>
        <member name="P:ThreeRiversTech.Zuleger.Atrium.REST.AtriumController.EncryptedRequest">
            <summary>
            Serial number of the Atrium Controller that the AtriumController object is connected to.
            Stores the Request XML data after encryption to the last POST request made.
            </summary>
        </member>
        <member name="P:ThreeRiversTech.Zuleger.Atrium.REST.AtriumController.EncryptedResponse">
            <summary>
            Stores the Response XML data before decryption to the last POST response received.
            </summary>
        </member>
        <member name="P:ThreeRiversTech.Zuleger.Atrium.REST.AtriumController.SerialNumber">
            <summary>
            Serial number of the Atrium Controller that the AtriumConnection object is connected to.
            </summary>
        </member>
        <member name="P:ThreeRiversTech.Zuleger.Atrium.REST.AtriumController.ProductName">
            <summary>
            Product name of the Atrium Controller that the AtriumController object is connected to.
            </summary>
        </member>
        <member name="P:ThreeRiversTech.Zuleger.Atrium.REST.AtriumController.ProductLabel">
            <summary>
            Product label of the Atrium Controller that the AtriumController object is connected to.
            </summary>
        </member>
        <member name="P:ThreeRiversTech.Zuleger.Atrium.REST.AtriumController.ProductVersion">
            <summary>
            Product version of the Atrium Controller that the AtriumController object is connected to.
            </summary>
        </member>
        <member name="P:ThreeRiversTech.Zuleger.Atrium.REST.AtriumController.GenerateGuid">
            <summary>
            Generates a random Guid (128-bit ID) in the format of "########-####-####-####-############".
            This should never be the same string when called.
            </summary>
        </member>
        <member name="P:ThreeRiversTech.Zuleger.Atrium.REST.AtriumController.SessionID">
            <summary>
            Session ID of the Atrium Controller that the AtriumController object is connected to.
            </summary>
        </member>
        <member name="M:ThreeRiversTech.Zuleger.Atrium.REST.AtriumController.ACCESS_LEVELS(System.Int32,System.Int32,System.Int32,System.Int32,System.Int32)">
            <summary>
            Constructs an integer array of the 5 integer arguments. If an argument is not provided, then that Access Level is ignored.
            </summary>
            <param name="al1">Integer that represents the Object ID for an Access Level. By default: -1 for no access level</param>
            <param name="al2">Integer that represents the Object ID for an Access Level. By default: -1 for no access level</param>
            <param name="al3">Integer that represents the Object ID for an Access Level. By default: -1 for no access level</param>
            <param name="al4">Integer that represents the Object ID for an Access Level. By default: -1 for no access level</param>
            <param name="al5">Integer that represents the Object ID for an Access Level. By default: -1 for no access level</param>
            <returns></returns>
        </member>
        <member name="M:ThreeRiversTech.Zuleger.Atrium.REST.AtriumController.To26BitCardNumber(System.Int32,System.Int32)">
            <summary>
            Converts two 32-bit integers into one 26-bit integer. Specifically used for converting a Family Number and Member Number into
            it's 26-bit variant, where the Family Number is the upper 10 bits and the Member Number is the lower 16 bits.
            </summary>
            <param name="familyNumber">10-bit Int32 that corresponds to the Family Number on the card.</param>
            <param name="memberNumber">16-bit Int32 that corresponds to the Member Number that belongs to the related family.</param>
            <returns>26-bit integer directly converted from the family number bits concatenated with the member number bits.
            If family number or member number is less than 0, then -1 is returned.</returns>
        </member>
        <member name="M:ThreeRiversTech.Zuleger.Atrium.REST.AtriumController.#ctor(System.String,System.String,System.String)">
            <summary>
            Creates an AtriumController object connected to the specified address under the specified username and password.
            </summary>
            <param name="username">Username to log in as.</param>
            <param name="password">Password to log into Atrium under specified username</param>
            <param name="address">Atrium Controller Address to connect to</param>
        </member>
        <member name="M:ThreeRiversTech.Zuleger.Atrium.REST.AtriumController.GetAllUsers(System.Int32)">
            <summary>
            Gets all Users that exist in the Atrium database in increments. Best used when the number of Users in the database is unknown.
            Larger increments increases speed through HTTP but could be worse if the number of records that actually exist are on the short end of the increment.
            (e.g. 1034 records exist with a 1000 increment would force two HTTP requests searching for 2000 total records.
            An increment of 1035 or better would be best here)
            By default 100.
            </summary>
            <param name="increment">Increment of users to grab.
            Larger numbers increases speed through HTTP but could be worse if the number of records that actually exist are on the short end of the increment.
            (e.g. 1034 records exist with a 1000 increment would force two HTTP requests searching for 2000 total records.
            An increment of 1035 or better would be best here)
            By default 100.</param>
            <returns>List of all Users that are in the Atrium Controller</returns>
        </member>
        <member name="M:ThreeRiversTech.Zuleger.Atrium.REST.AtriumController.InsertUser(System.String,System.String,System.Guid,System.DateTime,System.DateTime,System.Int32[])">
            <summary>
            Inserts a new User into the Atrium Controller with the provided information.
            </summary>
            <param name="firstName">First name of the user to be inserted.</param>
            <param name="lastName">Last name of the user to be inserted.</param>
            <param name="id">User GUID that is to be attached to the user.</param>
            <param name="actDate">Activation date of the User.</param>
            <param name="expDate">Expiration date of the User.</param>
            <param name="accessLevels">Array of 5 integers between 0-9,999 (inclusive) that represent the Object ID for each Access Level.</param>
            <returns>String object that is of real type int representing the Object ID as assigned by the Atrium Controller when user is inserted.</returns>
        </member>
        <member name="M:ThreeRiversTech.Zuleger.Atrium.REST.AtriumController.InsertUser(ThreeRiversTech.Zuleger.Atrium.REST.Objects.User)">
            <summary>
            Inserts a User C# object into the Atrium Controller's database.
            </summary>
            <param name="user">The User object to insert into the Atrium database.</param>
            <returns>String object that is of real type int representing the Object ID as assigned by the Atrium Controller when user is inserted.</returns>
        </member>
        <member name="M:ThreeRiversTech.Zuleger.Atrium.REST.AtriumController.UpdateUser(System.String,System.String,System.String,System.DateTime,System.DateTime,System.Int32[])">
            <summary>
            Updates a User, specified by the Atrium Controller's defined Object ID, to a new First Name, Last Name, Activation Date, and Expiration Date.
            </summary>
            <param name="objectId">Object ID, as defined by the Atrium Controller, of what User to update.</param>
            <param name="firstName">New first name of the User to update.</param>
            <param name="lastName">New last name of the User to update.</param>
            <param name="actDate">New expiration date of the User to update.</param>
            <param name="expDate">New activation date of the User to update.</param>
            <param name="accessLevels">Array of 5 integers between 0-9,999 (inclusive) that represent the Object ID for each Access Level.</param>
            <returns>Boolean indicating whether the user was successfully updated or not.</returns>
        </member>
        <member name="M:ThreeRiversTech.Zuleger.Atrium.REST.AtriumController.UpdateUser(ThreeRiversTech.Zuleger.Atrium.REST.Objects.User)">
            <summary>
            Updates a User based off an already existing User C# object.
            </summary>
            <param name="user">User object that is to be updated. (Object ID of "user" must already exist in the Controller as a User)</param>
            <returns>Boolean indicating whether the user was successfully updated or not.</returns>
        </member>
        <member name="M:ThreeRiversTech.Zuleger.Atrium.REST.AtriumController.GetAllCards(System.Int32)">
            <summary>
            Gets all Users that exist in the Atrium database in increments. Best used when the number of Users in the database is unknown.
            Larger increments increases speed through HTTP but could be worse if the number of records that actually exist are on the short end of the increment.
            (e.g. 1034 records exist with a 1000 increment would force two HTTP requests searching for 2000 total records.
            An increment of 1035 or better would be best here)
            By default 100.
            </summary>
            <param name="increment">Increment of users to grab.
            Larger numbers increases speed through HTTP but could be worse if the number of records that actually exist are on the short end of the increment.
            (e.g. 1034 records exist with a 1000 increment would force two HTTP requests searching for 2000 total records.
            An increment of 1035 or better would be best here)
            By default 100.</param>
            <returns>List of all Cards that are in the Atrium Controller</returns>
        </member>
        <member name="M:ThreeRiversTech.Zuleger.Atrium.REST.AtriumController.InsertCard(System.String,System.Guid,System.Guid,System.String,System.Int32,System.DateTime,System.DateTime)">
            <summary>
            Inserts a new Card into Atrium under the provided information.
            </summary>
            <param name="displayName">Display Name that the card should be under.</param>
            <param name="cardId">Card GUID that the card should be under.</param>
            <param name="userId">User GUID that the card is attached to.</param>
            <param name="objectId">Atrium ObjectID that the Card should be attached to.</param>
            <param name="cardNum">Number of the card that is to be used.</param>
            <param name="actDate">Activation Date of the card.</param>
            <param name="expDate">Expiration Date of the card.</param>
            <returns>String object that is of real type int representing the Object ID as assigned by the Atrium Controller when card is inserted.</returns>
        </member>
        <member name="M:ThreeRiversTech.Zuleger.Atrium.REST.AtriumController.InsertCard(ThreeRiversTech.Zuleger.Atrium.REST.Objects.Card)">
            <summary>
            Inserts a Card C# object into the Atrium Controller's database.
            </summary>
            <param name="card">The Card object to be inserted into the Atrium Controller's database.</param>
            <returns>String object that is of real type int representing the Object ID as assigned by the Atrium Controller when user is inserted.</returns>
        </member>
        <member name="M:ThreeRiversTech.Zuleger.Atrium.REST.AtriumController.UpdateCard(System.String,System.String,System.DateTime,System.DateTime)">
            <summary>
            Updates a User, specified by the Atrium Controller's defined Object ID, to a new First Name, Last Name, Activation Date, and Expiration Date.
            </summary>
            <param name="objectId">Object ID, as defined by the Atrium Controller, of what User to update.</param>
            <param name="displayName">The new name to replace current Display Name on the card.</param>
            <param name="actDate">New expiration date of the User to update.</param>
            <param name="expDate">New activation date of the User to update.</param>
            <returns>Boolean indicating whether the card was successfully updated or not.</returns>
        </member>
        <member name="M:ThreeRiversTech.Zuleger.Atrium.REST.AtriumController.UpdateCard(ThreeRiversTech.Zuleger.Atrium.REST.Objects.Card)">
            <summary>
            Updates a User given a C# Card Object. Object ID must already exist in the database.
            </summary>
            <param name="card">Card object to update</param>
            <returns>Boolean indicating whether the card was updated successfully or not.</returns>
        </member>
        <member name="M:ThreeRiversTech.Zuleger.Atrium.REST.AtriumController.Close">
            <summary>
            Closes the AtriumController's connection. If this function is called, the connection cannot be reopened.
            </summary>
            <returns>Boolean indicating whether the Controller closed the connection or not.</returns>
        </member>
        <member name="M:ThreeRiversTech.Zuleger.Atrium.REST.AtriumController.HexStringToByteArray(System.String)">
            Converts a hexadecimal String to an array of bytes.
        </member>
        <member name="T:ThreeRiversTech.Zuleger.Atrium.REST.AtriumController.AnswerNotOkException">
            <summary>
            Thrown when an Atrium Answer failed to interpret the XML request correctly.
            </summary>
        </member>
        <member name="P:ThreeRiversTech.Zuleger.Atrium.REST.AtriumController.AnswerNotOkException.Message">
            <summary>
            Set when AnswerNotOkException is thrown and is determined by what the Response message is.
            </summary>
        </member>
        <member name="M:ThreeRiversTech.Zuleger.Atrium.REST.AtriumController.AnswerNotOkException.#ctor(System.String)">
            <summary>
            Thrown when an Answer from a Response is not "ok".
            </summary>
            <param name="msg">Message to be shown in base Message.</param>
        </member>
        <member name="T:ThreeRiversTech.Zuleger.Atrium.REST.AtriumController.HttpRequestException">
            <summary>
            Thrown when an HTTP Request fails, usually when some encryption went wrong.
            </summary>
        </member>
        <member name="M:ThreeRiversTech.Zuleger.Atrium.REST.AtriumController.HttpRequestException.#ctor(System.String)">
            <summary>
            Thrown when an HTTP Request is made using Encryption but the Response did not contain expected Encryption variables.
            </summary>
            <param name="responseString"></param>
        </member>
        <member name="T:ThreeRiversTech.Zuleger.Atrium.REST.AtriumController.FailedToLoginException">
            <summary>
            Thrown when the UserID returned from the second Atrium Controller Answer is -1.
            </summary>
        </member>
        <member name="M:ThreeRiversTech.Zuleger.Atrium.REST.AtriumController.FailedToLoginException.#ctor">
            <summary>
            Thrown when a login fails where it gets past all phases but the User ID returned is "-1".
            </summary>
        </member>
        <member name="T:ThreeRiversTech.Zuleger.Atrium.REST.AtriumController.AttributeDoesNotExistException">
            <summary>
            Thrown when an Attribute does not exist inside of an XML Element.
            </summary>
        </member>
        <member name="P:ThreeRiversTech.Zuleger.Atrium.REST.AtriumController.AttributeDoesNotExistException.XmlString">
            <summary>
            Returns the XML output that triggered the Exception.
            </summary>
        </member>
        <member name="M:ThreeRiversTech.Zuleger.Atrium.REST.AtriumController.AttributeDoesNotExistException.#ctor(System.Xml.Linq.XElement,System.String)">
            <summary>
            Thrown when an Attribute does not exist inside of an XML request/response.
            </summary>
            <param name="xml">The XML documentation element that should contain the attribute.</param>
            <param name="attr">The attribute that was searched for in the XML.</param>
        </member>
        <member name="T:ThreeRiversTech.Zuleger.Atrium.REST.AtriumController.InvalidChecksumException">
            <summary>
            Thrown when a checksum is not equal with what has been calculated
            </summary>
        </member>
        <member name="M:ThreeRiversTech.Zuleger.Atrium.REST.AtriumController.InvalidChecksumException.#ctor">
            <summary>
            Thrown when a checksum is not equal with what has been calculated
            </summary>
        </member>
        <member name="T:ThreeRiversTech.Zuleger.Atrium.REST.Objects.BaseObject">
            <summary>
            The base object containing attributes that all Atrium objects have.
            </summary>
        </member>
        <member name="P:ThreeRiversTech.Zuleger.Atrium.REST.Objects.BaseObject.Status">
            <summary>
            
            </summary>
        </member>
        <member name="P:ThreeRiversTech.Zuleger.Atrium.REST.Objects.BaseObject.ObjectId">
            <summary>
            Object ID of where the Object is located in the Atrium Controller.
            </summary>
        </member>
        <member name="P:ThreeRiversTech.Zuleger.Atrium.REST.Objects.BaseObject.ObjectGuid">
            <summary>
            Object's GUID.
            </summary>
        </member>
        <member name="P:ThreeRiversTech.Zuleger.Atrium.REST.Objects.BaseObject.EntityRelationshipId">
            <summary>
            Related Entity's Object ID.
            </summary>
        </member>
        <member name="P:ThreeRiversTech.Zuleger.Atrium.REST.Objects.BaseObject.EntityRelationshipGuid">
            <summary>
            Related Entity's GUID
            </summary>
        </member>
        <member name="P:ThreeRiversTech.Zuleger.Atrium.REST.Objects.BaseObject.IsValid">
            <summary>
            Boolean specifying if the Object is valid in the Controller.
            </summary>
        </member>
        <member name="M:ThreeRiversTech.Zuleger.Atrium.REST.Objects.BaseObject.Update(ThreeRiversTech.Zuleger.Atrium.REST.Objects.BaseObject)">
            <summary>
            Update this object's attributes to be the same as o's attributes.
            </summary>
            <param name="o"></param>
        </member>
        <member name="T:ThreeRiversTech.Zuleger.Atrium.REST.Objects.User">
            <summary>
            User object that resembles the appearance of User in Atrium (and attributes)
            </summary>
        </member>
        <member name="P:ThreeRiversTech.Zuleger.Atrium.REST.Objects.User.FirstName">
            <summary>
            First Name of the User.
            </summary>
        </member>
        <member name="P:ThreeRiversTech.Zuleger.Atrium.REST.Objects.User.LastName">
            <summary>
            Last Name of the User.
            </summary>
        </member>
        <member name="P:ThreeRiversTech.Zuleger.Atrium.REST.Objects.User.ActivationDate">
            <summary>
            Activation Date of the User.
            </summary>
        </member>
        <member name="P:ThreeRiversTech.Zuleger.Atrium.REST.Objects.User.ExpirationDate">
            <summary>
            Expiration Date of the User.
            </summary>
        </member>
        <member name="P:ThreeRiversTech.Zuleger.Atrium.REST.Objects.User.AccessLevelObjectIds">
            <summary>
            Integer array (expected size of at most 5) specifying the (up to) five Levels (specification of Object ID) this User has access to.
            </summary>
        </member>
        <member name="M:ThreeRiversTech.Zuleger.Atrium.REST.Objects.User.ToString">
            <summary>
            Overriden ToString() to return FirstName concatenated with LastName separated by a space. (e.g. "John Doe").
            </summary>
            <returns>String of User's FirstName concatenated with LastName separated with a space.</returns>
        </member>
        <member name="T:ThreeRiversTech.Zuleger.Atrium.REST.Objects.Card">
            <summary>
            Card object that resembles the appearance of Card in Atrium (and attributes)
            </summary>
        </member>
        <member name="P:ThreeRiversTech.Zuleger.Atrium.REST.Objects.Card.DisplayName">
            <summary>
            Display Name of the Card.
            </summary>
        </member>
        <member name="P:ThreeRiversTech.Zuleger.Atrium.REST.Objects.Card.CardNumber">
            <summary>
            26 bit Integer where upper 10 bits is the Family number and lower 16 bits is the card number.
            </summary>
        </member>
        <member name="P:ThreeRiversTech.Zuleger.Atrium.REST.Objects.Card.ActivationDate">
            <summary>
            Activation Date of the Card.
            </summary>
        </member>
        <member name="P:ThreeRiversTech.Zuleger.Atrium.REST.Objects.Card.ExpirationDate">
            <summary>
            Expiration Date of the Card.
            </summary>
        </member>
        <member name="T:ThreeRiversTech.Zuleger.Atrium.REST.Example.Example">
            <summary>
            In-depth example on how to use the Atrium API.
            </summary>
        </member>
    </members>
</doc>
