<?xml version="1.0"?>
<doc>
    <assembly>
        <name>AtriumREST</name>
    </assembly>
    <members>
        <member name="T:ThreeRiversTech.Zuleger.Atrium.REST.AtriumController">
            <summary>
            Used to communicate with an Atrium Controller using Atrium SDK and HTTP.
            </summary>
        </member>
        <member name="M:ThreeRiversTech.Zuleger.Atrium.REST.AtriumController.#ctor(System.String,System.String,System.String)">
            <summary>
            Creates an AtriumController object connected to the specified address under the specified username and password.
            </summary>
            <param name="username">Username to log in as.</param>
            <param name="password">Password to log into Atrium under specified username</param>
            <param name="address">Atrium Controller Address to connect to</param>
        </member>
        <member name="M:ThreeRiversTech.Zuleger.Atrium.REST.AtriumController.Close">
            <summary>
            Closes the AtriumController's connection. If this function is called, the connection cannot be reopened.
            </summary>
            <returns>Boolean indicating whether the Controller closed the connection or not.</returns>
        </member>
        <member name="P:ThreeRiversTech.Zuleger.Atrium.REST.AtriumController.MaxAttempts">
            <summary>
            Maximum number of attempts to establish a session. (by default: 10. Maximum amount that can be set is 50.)
            </summary>
        </member>
        <member name="P:ThreeRiversTech.Zuleger.Atrium.REST.AtriumController.DelayBetweenAttempts">
            <summary>
            The time in seconds to wait for the next attempt to log into the controller. (by default: 10 seconds)
            </summary>
        </member>
        <member name="M:ThreeRiversTech.Zuleger.Atrium.REST.AtriumController.ACCESS_LEVELS(System.Int32,System.Int32,System.Int32,System.Int32,System.Int32)">
            <summary>
            Constructs an integer array of the 5 integer arguments. If an argument is not provided, then that Access Level is ignored.
            </summary>
            <param name="al1">Integer that represents the Object ID for an Access Level. By default: -1 for no access level</param>
            <param name="al2">Integer that represents the Object ID for an Access Level. By default: -1 for no access level</param>
            <param name="al3">Integer that represents the Object ID for an Access Level. By default: -1 for no access level</param>
            <param name="al4">Integer that represents the Object ID for an Access Level. By default: -1 for no access level</param>
            <param name="al5">Integer that represents the Object ID for an Access Level. By default: -1 for no access level</param>
            <returns></returns>
        </member>
        <member name="M:ThreeRiversTech.Zuleger.Atrium.REST.AtriumController.To26BitCardNumber(System.Int32,System.Int32)">
            <summary>
            Converts two 32-bit integers into one 26-bit integer. Specifically used for converting a Family Number and Member Number into
            it's 26-bit variant, where the Family Number is the upper 10 bits and the Member Number is the lower 16 bits.
            </summary>
            <param name="familyNumber">10-bit Int32 that corresponds to the Family Number on the card.</param>
            <param name="memberNumber">16-bit Int32 that corresponds to the Member Number that belongs to the related family.</param>
            <returns>26-bit integer directly converted from the family number bits concatenated with the member number bits.
            If family number or member number is less than 0, then -1 is returned.</returns>
        </member>
        <member name="M:ThreeRiversTech.Zuleger.Atrium.REST.AtriumController.ToUTC(System.DateTime)">
            <summary>
            Converts a DateTime to its UTC counterpart in Hexadecimal notation as a String
            </summary>
            <param name="dt">DateTime to convert to Hexadecimal UTC</param>
            <returns>String representing UTC time of the datetime passed in. Is in Hexadecimal notation</returns>
        </member>
        <member name="M:ThreeRiversTech.Zuleger.Atrium.REST.AtriumController.FromUTC(System.String)">
            <summary>
            Converts a UTC Hexadecimal String to its DateTime counterpart.
            </summary>
            <param name="utc">UTC String that is to be converted to a DateTime.</param>
            <returns>DateTime representing local time of converted UTC string. If the String cannot be parsed, then default is returned.</returns>
        </member>
        <member name="P:ThreeRiversTech.Zuleger.Atrium.REST.AtriumController.RequestText">
            <summary>
            Stores the Request XML data to the last POST request made.
            </summary>
        </member>
        <member name="P:ThreeRiversTech.Zuleger.Atrium.REST.AtriumController.ResponseText">
            <summary>
            Stores the Response String from the last POST response received.
            </summary>
        </member>
        <member name="P:ThreeRiversTech.Zuleger.Atrium.REST.AtriumController.EncryptedRequest">
            <summary>
            Serial number of the Atrium Controller that the AtriumController object is connected to.
            Stores the Request XML data after encryption to the last POST request made.
            </summary>
        </member>
        <member name="P:ThreeRiversTech.Zuleger.Atrium.REST.AtriumController.EncryptedResponse">
            <summary>
            Stores the Response XML data before decryption to the last POST response received.
            </summary>
        </member>
        <member name="P:ThreeRiversTech.Zuleger.Atrium.REST.AtriumController.SerialNumber">
            <summary>
            Serial number of the Atrium Controller that the AtriumConnection object is connected to.
            </summary>
        </member>
        <member name="P:ThreeRiversTech.Zuleger.Atrium.REST.AtriumController.ProductName">
            <summary>
            Product name of the Atrium Controller that the AtriumController object is connected to.
            </summary>
        </member>
        <member name="P:ThreeRiversTech.Zuleger.Atrium.REST.AtriumController.ProductLabel">
            <summary>
            Product label of the Atrium Controller that the AtriumController object is connected to.
            </summary>
        </member>
        <member name="P:ThreeRiversTech.Zuleger.Atrium.REST.AtriumController.ProductVersion">
            <summary>
            Product version of the Atrium Controller that the AtriumController object is connected to.
            </summary>
        </member>
        <member name="P:ThreeRiversTech.Zuleger.Atrium.REST.AtriumController.SessionID">
            <summary>
            Session ID of the Atrium Controller that the AtriumController object is connected to.
            </summary>
        </member>
        <member name="P:ThreeRiversTech.Zuleger.Atrium.REST.AtriumController.SessionKey">
            <summary>
            Session Key of the Atrium Controller that was computed using MD5(Serial Number (concatenated) Session ID #1)
            </summary>
        </member>
        <member name="P:ThreeRiversTech.Zuleger.Atrium.REST.AtriumController.GenerateGuid">
            <summary>
            Generates a random Guid (128-bit ID) in the format of "########-####-####-####-############".
            This should never be the same string when called.
            </summary>
        </member>
        <member name="M:ThreeRiversTech.Zuleger.Atrium.REST.AtriumController.Insert(ThreeRiversTech.Zuleger.Atrium.REST.Objects.AtriumObject)">
            <summary>
            Inserts a single Atrium Object into the controller.
            </summary>
            <param name="o">Atrium Object to be inserted.</param>
        </member>
        <member name="M:ThreeRiversTech.Zuleger.Atrium.REST.AtriumController.Update(ThreeRiversTech.Zuleger.Atrium.REST.Objects.AtriumObject)">
            <summary>
            Updates a single Atrium Object into the controller. If the object does not exist (defined by GUID being equal) then no update occurs.
            </summary>
            <param name="o">Object to be updated in the controller.</param>
            <returns>True if the object was successfully updated. False otherwise.</returns>
        </member>
        <member name="M:ThreeRiversTech.Zuleger.Atrium.REST.AtriumController.GetAll``1(System.Int32,System.Int32)">
            <summary>
            Grabs all records between the specified minimum and maximum object IDs in the controller.
            </summary>
            <typeparam name="T">AtriumObject child that is to be grabbed from the Controller</typeparam>
            <param name="startIndex">Start index of what objects to grab from in the Controller.</param>
            <param name="endIndex">End index of what objects to grab from in the Controller.</param>
            <returns>List of the specified AtriumObject objects that were grabbed from the Controller.</returns>
        </member>
        <member name="M:ThreeRiversTech.Zuleger.Atrium.REST.AtriumController.CHECK_ENCRYPTION(System.String,System.String,System.String,System.String,System.String,System.String)">
            <summary>
            Tests for Encryption given the Session ID, Serial Number, XML (or data to encrypt), username (optional), and password (optional).
            </summary>
            <param name="sid"></param>
            <param name="sno"></param>
            <param name="xml"></param>
            <param name="username"></param>
            <param name="password"></param>
        </member>
        <member name="T:ThreeRiversTech.Zuleger.Atrium.REST.Example.Example">
            <summary>
            In-depth example on how to use the Atrium API.
            </summary>
        </member>
        <member name="T:ThreeRiversTech.Zuleger.Atrium.REST.Exceptions.FailedToLoginException">
            <summary>
            Thrown when the UserID returned from the second Atrium Controller Answer is -1.
            </summary>
        </member>
        <member name="M:ThreeRiversTech.Zuleger.Atrium.REST.Exceptions.FailedToLoginException.#ctor">
            <summary>
            Thrown when a login fails where it gets past all phases but the User ID returned is "-1".
            </summary>
        </member>
        <member name="T:ThreeRiversTech.Zuleger.Atrium.REST.Exceptions.HttpRequestException">
            <summary>
            Thrown when an HTTP Request fails, usually when some encryption went wrong.
            </summary>
        </member>
        <member name="M:ThreeRiversTech.Zuleger.Atrium.REST.Exceptions.HttpRequestException.#ctor(System.String)">
            <summary>
            Thrown when an HTTP Request is made using Encryption but the Response did not contain expected Encryption variables.
            </summary>
            <param name="responseString"></param>
        </member>
        <member name="T:ThreeRiversTech.Zuleger.Atrium.REST.Exceptions.IntegrityException">
            <summary>
            Thrown when integrity is invalidated when checksums are compared between remote encrypted message and remote checksum
            </summary>
        </member>
        <member name="M:ThreeRiversTech.Zuleger.Atrium.REST.Exceptions.IntegrityException.#ctor">
            <summary>
            Thrown when integrity is invalidated when checksums are compared between remote encrypted message and remote checksum
            </summary>
        </member>
        <member name="T:ThreeRiversTech.Zuleger.Atrium.REST.Exceptions.SdkRequestException">
            <summary>
            Thrown when an SDK Request returns back with err not equaling "ok".
            </summary>
        </member>
        <member name="P:ThreeRiversTech.Zuleger.Atrium.REST.Exceptions.SdkRequestException.Message">
            <summary>
            Message to be printed when thrown.
            </summary>
        </member>
        <member name="M:ThreeRiversTech.Zuleger.Atrium.REST.Exceptions.SdkRequestException.#ctor">
            <summary>
            Thrown when an SDK Request returns back with err not equaling "ok".
            </summary>
        </member>
        <member name="M:ThreeRiversTech.Zuleger.Atrium.REST.Exceptions.SdkRequestException.#ctor(System.String)">
            <summary>
            Thrown when an SDK Request returns back with err not equaling "ok".
            </summary>
            <param name="errcode">Error Code that was given instead of "ok"</param>
        </member>
        <member name="T:ThreeRiversTech.Zuleger.Atrium.REST.Objects.SdkDataType">
            <summary>
            
            </summary>
        </member>
        <member name="P:ThreeRiversTech.Zuleger.Atrium.REST.Objects.SdkDataType.Name">
            <summary>
            
            </summary>
        </member>
        <member name="P:ThreeRiversTech.Zuleger.Atrium.REST.Objects.SdkDataType.RelatedAttribute">
            <summary>
            
            </summary>
        </member>
        <member name="P:ThreeRiversTech.Zuleger.Atrium.REST.Objects.SdkDataType.RelatedType">
            <summary>
            
            </summary>
        </member>
        <member name="T:ThreeRiversTech.Zuleger.Atrium.REST.Objects.AtriumObject">
            <summary>
            The base object containing attributes that all Atrium objects have.
            </summary>
        </member>
        <member name="P:ThreeRiversTech.Zuleger.Atrium.REST.Objects.AtriumObject.SdkType">
            <summary>
            Type as defined inside of the SDK.
            </summary>
        </member>
        <member name="P:ThreeRiversTech.Zuleger.Atrium.REST.Objects.AtriumObject.Status">
            <summary>
            Status of the Object in the Controller.
            </summary>
        </member>
        <member name="P:ThreeRiversTech.Zuleger.Atrium.REST.Objects.AtriumObject.ObjectId">
            <summary>
            Object ID of where the Object is located in the Atrium Controller.
            </summary>
        </member>
        <member name="P:ThreeRiversTech.Zuleger.Atrium.REST.Objects.AtriumObject.IsValid">
            <summary>
            Boolean specifying if the Object is valid in the Controller.
            </summary>
        </member>
        <member name="P:ThreeRiversTech.Zuleger.Atrium.REST.Objects.AtriumObject.IsReadOnly">
            <summary>
            
            </summary>
        </member>
        <member name="P:ThreeRiversTech.Zuleger.Atrium.REST.Objects.AtriumObject.CannotBeDeleted">
            <summary>
            
            </summary>
        </member>
        <member name="P:ThreeRiversTech.Zuleger.Atrium.REST.Objects.AtriumObject.ObjectGuid">
            <summary>
            Object's GUID.
            </summary>
        </member>
        <member name="P:ThreeRiversTech.Zuleger.Atrium.REST.Objects.AtriumObject.EntityRelationshipId">
            <summary>
            Related Entity's Object ID.
            </summary>
        </member>
        <member name="P:ThreeRiversTech.Zuleger.Atrium.REST.Objects.AtriumObject.EntityRelationshipGuid">
            <summary>
            Related Entity's GUID
            </summary>
        </member>
        <member name="M:ThreeRiversTech.Zuleger.Atrium.REST.Objects.AtriumObject.Copy(ThreeRiversTech.Zuleger.Atrium.REST.Objects.AtriumObject,System.Boolean,System.Boolean)">
            <summary>
            Update this object's attributes to be the same as o's attributes.
            </summary>
            <param name="o">The Atrium Object that its attributes are to be copied to this object.</param>
            <param name="overwrite">Boolean specifying whether overwriting should occur on parameters on "this" object where values already exist. By default: false./param>
            <param name="overwriteIds"/>Boolean specifying whether overwriting should occur on Id type parameters. By default: true.</param>
            <returns>"this" after copying has finished.</returns>
        </member>
        <member name="M:ThreeRiversTech.Zuleger.Atrium.REST.Objects.AtriumObject.Jsonify(System.Boolean)">
            <summary>
            Returns all Properties separated by a newline character and in format of "PropertyName: Value"
            </summary>
            <param name="beautify">Specifies whether to beautify the JSON output or not. By default: true.</param>
            <returns>String that contains all properties in JSON format.</returns>
        </member>
        <member name="M:ThreeRiversTech.Zuleger.Atrium.REST.Objects.AtriumObject.ToString">
            <summary>
            Same as "AllProperties()" but is the default AtriumObject ToString method.
            </summary>
            <returns>String that contains all properties in JSON format.</returns>
        </member>
        <member name="T:ThreeRiversTech.Zuleger.Atrium.REST.Objects.Card">
            <summary>
            Card object that resembles the appearance of Card in Atrium (and attributes)
            </summary>
        </member>
        <member name="P:ThreeRiversTech.Zuleger.Atrium.REST.Objects.Card.SdkType">
            <summary>
            Inherited: Type as defined in the SDK.
            </summary>
        </member>
        <member name="P:ThreeRiversTech.Zuleger.Atrium.REST.Objects.Card.DisplayName">
            <summary>
            Display Name of the Card.
            </summary>
        </member>
        <member name="P:ThreeRiversTech.Zuleger.Atrium.REST.Objects.Card.CardNumberLo">
            <summary>
            26 bit Integer where upper 10 bits is the Family number and lower 16 bits is the card number.
            </summary>
        </member>
        <member name="P:ThreeRiversTech.Zuleger.Atrium.REST.Objects.Card.CardNumberHi">
             <summary>
            
             </summary>
        </member>
        <member name="P:ThreeRiversTech.Zuleger.Atrium.REST.Objects.Card.Code">
             <summary>
            
             </summary>
        </member>
        <member name="P:ThreeRiversTech.Zuleger.Atrium.REST.Objects.Card.Format">
             <summary>
            
             </summary>
        </member>
        <member name="P:ThreeRiversTech.Zuleger.Atrium.REST.Objects.Card.OptionCanArm">
             <summary>
            
             </summary>
        </member>
        <member name="P:ThreeRiversTech.Zuleger.Atrium.REST.Objects.Card.OptionCanDisarm">
             <summary>
            
             </summary>
        </member>
        <member name="P:ThreeRiversTech.Zuleger.Atrium.REST.Objects.Card.OptionCanAccess">
             <summary>
            
             </summary>
        </member>
        <member name="P:ThreeRiversTech.Zuleger.Atrium.REST.Objects.Card.OptionInterlockOverride">
             <summary>
            
             </summary>
        </member>
        <member name="P:ThreeRiversTech.Zuleger.Atrium.REST.Objects.Card.OptionExtendDelay">
             <summary>
            
             </summary>
        </member>
        <member name="P:ThreeRiversTech.Zuleger.Atrium.REST.Objects.Card.OptionAntiPassbackOverride">
             <summary>
            
             </summary>
        </member>
        <member name="P:ThreeRiversTech.Zuleger.Atrium.REST.Objects.Card.OptionAccessCount">
             <summary>
            
             </summary>
        </member>
        <member name="P:ThreeRiversTech.Zuleger.Atrium.REST.Objects.Card.OptionTrace">
             <summary>
            
             </summary>
        </member>
        <member name="P:ThreeRiversTech.Zuleger.Atrium.REST.Objects.Card.OptionGuardTour">
             <summary>
            
             </summary>
        </member>
        <member name="P:ThreeRiversTech.Zuleger.Atrium.REST.Objects.Card.OptionCapacityOverride">
             <summary>
            
             </summary>
        </member>
        <member name="P:ThreeRiversTech.Zuleger.Atrium.REST.Objects.Card.OptionProgramming">
             <summary>
            
             </summary>
        </member>
        <member name="P:ThreeRiversTech.Zuleger.Atrium.REST.Objects.Card.OptionLost">
             <summary>
            
             </summary>
        </member>
        <member name="P:ThreeRiversTech.Zuleger.Atrium.REST.Objects.Card.OptionStolen">
             <summary>
            
             </summary>
        </member>
        <member name="P:ThreeRiversTech.Zuleger.Atrium.REST.Objects.Card.ActivationDateHexUTC">
            <summary>
            Activation Date of the Card in HEX UTC.
            </summary>
        </member>
        <member name="P:ThreeRiversTech.Zuleger.Atrium.REST.Objects.Card.ActivationDate">
            <summary>
            Activation Date of the Card.
            </summary>
        </member>
        <member name="P:ThreeRiversTech.Zuleger.Atrium.REST.Objects.Card.ExpirationDateHexUTC">
            <summary>
            Activation Date of the Card in HEX UTC.
            </summary>
        </member>
        <member name="P:ThreeRiversTech.Zuleger.Atrium.REST.Objects.Card.ExpirationDate">
            <summary>
            Expiration Date of the Card.
            </summary>
        </member>
        <member name="P:ThreeRiversTech.Zuleger.Atrium.REST.Objects.Card.OptionLockdownActivation">
             <summary>
            
             </summary>
        </member>
        <member name="P:ThreeRiversTech.Zuleger.Atrium.REST.Objects.Card.OptionLockdownDeactivation">
             <summary>
            
             </summary>
        </member>
        <member name="P:ThreeRiversTech.Zuleger.Atrium.REST.Objects.Card.OptionLockdownOverride">
             <summary>
            
             </summary>
        </member>
        <member name="P:ThreeRiversTech.Zuleger.Atrium.REST.Objects.Card.OptionLockdownPartition">
             <summary>
            
             </summary>
        </member>
        <member name="P:ThreeRiversTech.Zuleger.Atrium.REST.Objects.Card.OptionRequirePIN">
             <summary>
            
             </summary>
        </member>
        <member name="P:ThreeRiversTech.Zuleger.Atrium.REST.Objects.Card.OptionUseCounter">
             <summary>
            
             </summary>
        </member>
        <member name="P:ThreeRiversTech.Zuleger.Atrium.REST.Objects.Card.OptionDoubleSwipe">
             <summary>
            
             </summary>
        </member>
        <member name="T:ThreeRiversTech.Zuleger.Atrium.REST.Objects.User">
            <summary>
            User object that resembles the appearance of User in Atrium (and attributes)
            </summary>
        </member>
        <member name="P:ThreeRiversTech.Zuleger.Atrium.REST.Objects.User.SdkType">
            <summary>
            Inherited: Type as defined in the SDK.
            </summary>
        </member>
        <member name="P:ThreeRiversTech.Zuleger.Atrium.REST.Objects.User.FirstName">
            <summary>
            First Name of the User.
            </summary>
        </member>
        <member name="P:ThreeRiversTech.Zuleger.Atrium.REST.Objects.User.LastName">
            <summary>
            Last Name of the User.
            </summary>
        </member>
        <member name="P:ThreeRiversTech.Zuleger.Atrium.REST.Objects.User.OptionDualArming">
             <summary>
            
             </summary>
        </member>
        <member name="P:ThreeRiversTech.Zuleger.Atrium.REST.Objects.User.OptionAccess">
             <summary>
            
             </summary>
        </member>
        <member name="P:ThreeRiversTech.Zuleger.Atrium.REST.Objects.User.OptionDuress">
             <summary>
            
             </summary>
        </member>
        <member name="P:ThreeRiversTech.Zuleger.Atrium.REST.Objects.User.OptionInterlockOverride">
             <summary>
            
             </summary>
        </member>
        <member name="P:ThreeRiversTech.Zuleger.Atrium.REST.Objects.User.OptionExtendedDelay">
             <summary>
            
             </summary>
        </member>
        <member name="P:ThreeRiversTech.Zuleger.Atrium.REST.Objects.User.OptionAntiPassbackOverride">
             <summary>
            
             </summary>
        </member>
        <member name="P:ThreeRiversTech.Zuleger.Atrium.REST.Objects.User.OptionAccessCount">
             <summary>
            
             </summary>
        </member>
        <member name="P:ThreeRiversTech.Zuleger.Atrium.REST.Objects.User.OptionTrace">
             <summary>
            
             </summary>
        </member>
        <member name="P:ThreeRiversTech.Zuleger.Atrium.REST.Objects.User.OptionGuardTour">
             <summary>
            
             </summary>
        </member>
        <member name="P:ThreeRiversTech.Zuleger.Atrium.REST.Objects.User.OptionCapacityOverride">
             <summary>
            
             </summary>
        </member>
        <member name="P:ThreeRiversTech.Zuleger.Atrium.REST.Objects.User.OptionProgramming">
             <summary>
            
             </summary>
        </member>
        <member name="P:ThreeRiversTech.Zuleger.Atrium.REST.Objects.User.OptionUserCounter">
             <summary>
            
             </summary>
        </member>
        <member name="P:ThreeRiversTech.Zuleger.Atrium.REST.Objects.User.OptionCanDisarm">
             <summary>
            
             </summary>
        </member>
        <member name="P:ThreeRiversTech.Zuleger.Atrium.REST.Objects.User.OptionVisitor">
             <summary>
            
             </summary>
        </member>
        <member name="P:ThreeRiversTech.Zuleger.Atrium.REST.Objects.User.OptionAsset">
             <summary>
            
             </summary>
        </member>
        <member name="P:ThreeRiversTech.Zuleger.Atrium.REST.Objects.User.SupervisorLevelID">
             <summary>
            
             </summary>
        </member>
        <member name="P:ThreeRiversTech.Zuleger.Atrium.REST.Objects.User.ActivationDateHexUTC">
            <summary>
            Activation Date of the User in HEX UTC.
            </summary>
        </member>
        <member name="P:ThreeRiversTech.Zuleger.Atrium.REST.Objects.User.ActivationDate">
            <summary>
            Activation Date of the User.
            </summary>
        </member>
        <member name="P:ThreeRiversTech.Zuleger.Atrium.REST.Objects.User.ExpirationDateHexUTC">
            <summary>
            Activation Date of the User in HEX UTC.
            </summary>
        </member>
        <member name="P:ThreeRiversTech.Zuleger.Atrium.REST.Objects.User.ExpirationDate">
            <summary>
            Expiration Date of the User.
            </summary>
        </member>
        <member name="P:ThreeRiversTech.Zuleger.Atrium.REST.Objects.User.AccessLevelObjectIds">
            <summary>
            Integer array (expected size of at most 5) specifying the (up to) five Levels (specification of Object ID) this User has access to.
            </summary>
        </member>
        <member name="P:ThreeRiversTech.Zuleger.Atrium.REST.Objects.User.AccessLevel1">
             <summary>
            
             </summary>
        </member>
        <member name="P:ThreeRiversTech.Zuleger.Atrium.REST.Objects.User.AccessLevel2">
             <summary>
            
             </summary>
        </member>
        <member name="P:ThreeRiversTech.Zuleger.Atrium.REST.Objects.User.AccessLevel3">
             <summary>
            
             </summary>
        </member>
        <member name="P:ThreeRiversTech.Zuleger.Atrium.REST.Objects.User.AccessLevel4">
             <summary>
            
             </summary>
        </member>
        <member name="P:ThreeRiversTech.Zuleger.Atrium.REST.Objects.User.AccessLevel5">
             <summary>
            
             </summary>
        </member>
        <member name="P:ThreeRiversTech.Zuleger.Atrium.REST.Objects.User.Language">
            <summary>
            Language interpreted as. 0=English, 1=French, 2=Spanish, 3=Chinese.
            </summary>
        </member>
        <member name="P:ThreeRiversTech.Zuleger.Atrium.REST.Objects.User.FloorLevelObjectIds">
            <summary>
            Integer array (expected size of at most 5) specifying the (up to) five Levels (specification of Object ID) this User has access to.
            </summary>
        </member>
        <member name="P:ThreeRiversTech.Zuleger.Atrium.REST.Objects.User.FloorLevel1">
             <summary>
            
             </summary>
        </member>
        <member name="P:ThreeRiversTech.Zuleger.Atrium.REST.Objects.User.FloorLevel2">
             <summary>
            
             </summary>
        </member>
        <member name="P:ThreeRiversTech.Zuleger.Atrium.REST.Objects.User.FloorLevel3">
             <summary>
            
             </summary>
        </member>
        <member name="P:ThreeRiversTech.Zuleger.Atrium.REST.Objects.User.FloorLevel4">
             <summary>
            
             </summary>
        </member>
        <member name="P:ThreeRiversTech.Zuleger.Atrium.REST.Objects.User.FloorLevel5">
             <summary>
            
             </summary>
        </member>
        <member name="M:ThreeRiversTech.Zuleger.Atrium.REST.Objects.User.ToString">
            <summary>
            Overriden ToString() to return FirstName concatenated with LastName separated by a space. (e.g. "John Doe").
            </summary>
            <returns>String of User's FirstName concatenated with LastName separated with a space.</returns>
        </member>
        <member name="T:ThreeRiversTech.Zuleger.Atrium.REST.Security.MD5">
            <summary>
            Performs MD5 hash algorithm.
            </summary>
        </member>
        <member name="M:ThreeRiversTech.Zuleger.Atrium.REST.Security.MD5.Hash(System.String)">
            <summary>
            Hashes the given string using MD5 algorithms.
            </summary>
            <param name="text">String to be hashed</param>
            <returns>Hashed string in hexadecimal</returns>
        </member>
        <member name="T:ThreeRiversTech.Zuleger.Atrium.REST.Security.RC4">
            <summary>
            Performs RC4 Encryption/Decryption algorithms. Also includes a CheckSum calculator.
            </summary>
        </member>
        <member name="M:ThreeRiversTech.Zuleger.Atrium.REST.Security.RC4.Encrypt(System.String,System.String)">
            <summary>
            Encrypts a given string with a given secret key. Secret key must be in hexadecimal.
            </summary>
            <param name="hexKey">Secret key to encrypt with</param>
            <param name="plaintext">String to be encrypted</param>
            <returns>Encrypted string in hexadecimal.</returns>
        </member>
        <member name="M:ThreeRiversTech.Zuleger.Atrium.REST.Security.RC4.Decrypt(System.String,System.String)">
            <summary>
            Decrypts a given string with a given secret key. String and secret key must be in hexadecimal.
            </summary>
            <param name="hexKey">Secret key to decrypt with</param>
            <param name="ciphertext">String to be decrypted</param>
            <returns>Decrypted string in ASCII</returns>
        </member>
        <member name="M:ThreeRiversTech.Zuleger.Atrium.REST.Security.RC4.CheckSum(System.String)">
            <summary>
            Performs a Check Sum on the given string, str, where the checksum is the summation of all character codes rolling over 0xFFFF.
            </summary>
            <param name="str">String to perform the check sum on.</param>
            <returns>Returns a String formatted like "0x####" where #### is the summation of all character codes in str.</returns>
        </member>
    </members>
</doc>
